{"pigment":{"PC1":8.3138207977,"PC2":8.124093783},"cube":{"PC1":2.9020652196,"PC2":-22.1156127753},"abacum":{"PC1":7.2353054771,"PC2":0.9355661914},"acterys":{"PC1":8.7794839603,"PC2":2.90698434},"anaplan":{"PC1":11.3079672865,"PC2":4.7068422792},"datarails":{"PC1":-17.0899085566,"PC2":0.6831954836},"drivetrain":{"PC1":-19.119113952,"PC2":6.6870067781},"jirav":{"PC1":-16.6085235751,"PC2":-2.6382554663},"mosaic":{"PC1":7.4225872402,"PC2":3.4640528617},"vena":{"PC1":6.8563161022,"PC2":-2.7538734753}}